{
  "web":{
    "client_id":"75586227247-n0ldc3c0g51adcc9b4vud0jd3mqnh10m.apps.googleusercontent.com",
    "project_id":"sm-energy-department-apps",
    "auth_uri":"https://accounts.google.com/o/oauth2/auth",
    "token_uri":"https://accounts.google.com/o/oauth2/token",
    "auth_provider_x509_cert_url":"https://www.googleapis.com/oauth2/v1/certs",
    "client_secret":"xUldotBaq77gzfaY95BDbR6g",
    "redirect_uris":["http://localhost:8000/login",
    "http://localhost:8000/gconnect"],
    "javascript_origins":["http://localhost:8000"]
    }
}
